cust_id,name,gender,age,location,occupation,annual_income,marital_status
1,Dhruv Bansal,Female,2,City,Business Owner,358211.0,Married
2,Kabir Thakur,Female,47,City,Consultant,65172.0,Single
3,Kriti Mangal,Male,21,City,Freelancer,22378.0,Married
4,Sara Dwivedi,Male,24,Rural,Freelancer,33563.0,Married
5,Aarohi Negi,Male,48,City,Consultant,39406.0,Married
6,Aditi Kaul,Male,22,City,Freelancer,44887.0,Married
7,Aisha Mittal,Female,32,Suburb,Business Owner,259013.0,Married
8,Aarya Choudhary,Male,27,City,Freelancer,159400.0,Married
9,Simran Naidu,Male,21,Suburb,Fullstack Developer,34814.0,Single
10,Rishabh Bhat,Male,25,Rural,Freelancer,39832.0,Married
11,Virat Monga,Male,39,City,Accountant,77588.0,Married
12,Veer Sen,Male,36,City,Accountant,67751.0,Married
13,Anika Kapoor,Male,24,City,Freelancer,25399.0,Married
14,Yash Chatterjee,Female,26,City,Data Scientist,189453.0,Married
15,Isha Arora,Female,25,Rural,Artist,,Married
16,Arya Sardar,Male,39,Suburb,Consultant,107167.0,Married
17,Aradhya Rastogi,Female,26,Suburb,Freelancer,141865.0,Married
18,Pooja Arora,Male,25,City,Data Scientist,10672.0,Married
19,Samaira Ganguly,Male,42,Suburb,Consultant,17575.0,Married
20,Kiaan Thakur,Male,28,City,Artist,33377.0,Single
21,Sara Rathod,Female,31,City,Accountant,60750.0,Married
22,Aarohi Jain,Male,59,City,Business Owner,435536.0,Married
23,Swara Pawar,Male,19,City,Freelancer,36863.0,Married
24,Suhani Sardar,Female,20,City,Freelancer,58263.0,Married
25,Aarushi Sen,Male,29,City,Fullstack Developer,109158.0,Single
26,Pooja Gambhir,Male,26,Rural,Freelancer,239099.0,Single
27,Aradhya Banerjee,Female,64,City,Business Owner,360483.0,Married
28,Aaditya Sareen,Male,39,City,Data Scientist,94444.0,Single
29,Swara Vernekar,Male,28,City,Freelancer,244482.0,Married
30,Suhani Choudhary,Male,31,Rural,Data Scientist,105583.0,Married
31,Aanya Srivastava,Male,29,Rural,Data Scientist,121738.0,Married
32,Veer Gambhir,Male,50,City,Business Owner,50.0,Married
33,Ritvik Bansal,Male,32,City,Data Scientist,160219.0,Married
34,Priya Kaul,Male,38,City,Data Scientist,145795.0,Married
35,Amara Mathur,Female,21,City,Fullstack Developer,48825.0,Married
36,Ridhi Taneja,Male,41,City,Business Owner,448699.0,Married
37,Rishabh Rastogi,Male,39,Suburb,Data Scientist,135479.0,Single
38,Amara Kadam,Male,64,City,Business Owner,115498.0,Married
39,Mihika Rathod,Female,50,City,Business Owner,400804.0,Single
40,Amara Rathod,Male,43,City,Business Owner,383460.0,Married
41,Neha Duggal,Male,62,Suburb,Business Owner,327569.0,Married
42,Manya Thakur,Male,110,City,Artist,7621.0,Married
43,Swara Kulkarni,Female,32,City,Data Scientist,135759.0,Married
44,Rehan Jain,Male,44,Suburb,Consultant,94672.0,Married
45,Suhani Singhal,Male,29,Suburb,Freelancer,217475.0,Married
46,Aditi Mangal,Male,39,City,Business Owner,251842.0,Single
47,Anaya Gandhi,Male,27,Suburb,Freelancer,141513.0,Married
48,Aditya Jain,Male,32,City,Business Owner,117263.0,Married
49,Virat Singhania,Male,47,Suburb,Business Owner,248414.0,Married
50,Priya Chatterjee,Male,29,City,Data Scientist,182544.0,Married
51,Ananya Dutta,Male,39,City,Data Scientist,118963.0,Single
52,Aarav Dwivedi,Male,20,City,Freelancer,23487.0,Married
53,Aahana Khanna,Male,59,Suburb,Business Owner,446205.0,Single
54,Rehan Mehta,Male,29,City,Freelancer,84807.0,Married
55,Aaditya Patel,Male,24,City,Fullstack Developer,15095.0,Married
56,Aryan Vernekar,Male,24,City,Freelancer,55244.0,Married
57,Sneha Mukherjee,Male,61,City,Business Owner,166599.0,Married
58,Aisha Bali,Male,39,Rural,Business Owner,132814.0,Married
59,Yash Gambhir,Male,28,Suburb,Data Scientist,153225.0,Married
60,Aanya Negi,Female,23,City,Freelancer,32037.0,Married
61,Suhani Arora,Male,64,City,Business Owner,424763.0,Married
62,Gauri Malhotra,Male,25,Rural,Data Scientist,54288.0,Married
63,Samaira Chatterjee,Female,22,Rural,Artist,35667.0,Single
64,Yash Vaswani,Male,29,City,Artist,37897.0,Married
65,Aahana Tandon,Female,58,City,Business Owner,207709.0,Married
66,Aryan Lal,Male,25,City,Freelancer,24408.0,Married
67,Aradhya Gavaskar,Male,25,City,Data Scientist,57545.0,Single
68,Kriti Dutta,Male,40,Suburb,Consultant,57892.0,Married
69,Vivaan Gandhi,Female,42,City,Consultant,86865.0,Married
70,Avinash Anand,Male,18,City,Freelancer,37815.0,Married
71,Aditya Tiwari,Male,23,Suburb,Freelancer,13401.0,Married
72,Dhruv Bali,Male,25,Suburb,Freelancer,7413.0,Married
73,Veer Jaiswal,Male,28,City,Accountant,66647.0,Married
74,Arya Dewan,Male,61,Suburb,Business Owner,277571.0,Single
75,Anika Wadhwa,Female,25,City,Freelancer,28391.0,Married
76,Kabir Dwivedi,Female,34,Suburb,Data Scientist,176363.0,Married
77,Advait Tiwari,Male,33,City,Business Owner,271144.0,Married
78,Avinash Pande,Male,55,City,Business Owner,146774.0,Married
79,Aarohi Sardar,Female,23,City,Freelancer,43637.0,Married
80,Aditi Dhawan,Male,42,Suburb,Consultant,85998.0,Married
81,Aarya Sareen,Male,20,City,Fullstack Developer,55682.0,Married
82,Advik Bhat,Male,41,City,Business Owner,278341.0,Married
83,Sanjana Singhal,Male,27,City,Freelancer,,Single
84,Rudra Bali,Male,43,Rural,Consultant,15804.0,Married
85,Isha Singhal,Male,46,Suburb,Business Owner,164680.0,Single
86,Aanya Yadav,Female,34,Rural,Data Scientist,108807.0,Married
87,Aarav Dutta,Male,44,Suburb,Consultant,34798.0,Single
88,Sia Dubey,Male,29,Suburb,Freelancer,217291.0,Single
89,Krishna Agarwal,Male,32,Rural,Fullstack Developer,148065.0,Single
90,Virat Lalwani,Male,53,Suburb,Consultant,114376.0,Married
91,Anjali Ver,Male,34,City,Fullstack Developer,122238.0,Married
92,Akshay Chatterjee,Male,30,City,Fullstack Developer,137455.0,Married
93,Sara Jha,Male,50,City,Business Owner,165189.0,Single
94,Isha Naidu,Male,56,City,Business Owner,393253.0,Married
95,Yuvraj Goyal,Female,24,Suburb,Freelancer,7165.0,Married
96,Ananya Tiwari,Male,35,City,Data Scientist,124090.0,Single
97,Reyansh Dubey,Male,51,City,Business Owner,387177.0,Married
98,Sia Batra,Male,47,Suburb,Business Owner,,Married
99,Ridhi Mhatre,Male,26,Suburb,Fullstack Developer,157221.0,Married
100,Aditya Dwivedi,Female,53,City,Consultant,49772.0,Single
101,Avyanna Puri,Male,52,City,Business Owner,283742.0,Married
102,Avyanna Patel,Male,42,City,Consultant,53075.0,Married
103,Pooja Ganguly,Male,32,City,Data Scientist,,Married
104,Aahana Goyal,Male,27,City,Data Scientist,182998.0,Married
105,Dhruv Dhawan,Male,35,City,Data Scientist,195686.0,Married
106,Sara Joshi,Male,32,City,Data Scientist,180608.0,Married
107,Kiaan Sinha,Male,62,City,Business Owner,324767.0,Married
108,Advait Lal,Female,46,Suburb,Consultant,20188.0,Single
109,Samaira Jain,Male,43,City,Business Owner,301993.0,Single
110,Kiaan Sareen,Female,60,City,Business Owner,309218.0,Single
111,Aaryan Sharma,Male,38,Suburb,Business Owner,250416.0,Married
112,Dhruv Bose,Male,26,City,Freelancer,172394.0,Married
113,Ishita Mehrotra,Male,55,City,Business Owner,303207.0,Married
114,Advik Bose,Female,22,City,Freelancer,18326.0,Married
115,Aarav Taneja,Male,26,Suburb,Accountant,71601.0,Married
116,Anjali Mehtani,Female,19,City,Freelancer,26246.0,Married
117,Dhruv Khanna,Male,29,Rural,Data Scientist,196585.0,Single
118,Aditya Rao,Male,59,Rural,Business Owner,200751.0,Married
119,Advait Bali,Male,21,Suburb,Freelancer,24118.0,Married
120,Akshay Mehtani,Male,30,City,Fullstack Developer,141137.0,Married
121,Aahan Choudhary,Male,23,Suburb,Freelancer,38592.0,Married
122,Kunal Dutta,Male,57,Suburb,Business Owner,211590.0,Married
123,Zara Kulkarni,Male,35,City,Business Owner,175679.0,Single
124,Myra Sareen,Male,63,City,Business Owner,411300.0,Married
125,Avani Dhawan,Male,23,Suburb,Freelancer,7043.0,Single
126,Sara Negi,Male,46,City,Business Owner,129681.0,Married
127,Priya Dua,Female,24,City,Freelancer,41794.0,Married
128,Kabir Saxena,Male,28,Rural,Artist,45794.0,Married
129,Yash Sinha,Male,29,City,Data Scientist,122508.0,Single
130,Avyanna Kulkarni,Male,28,City,Artist,74464.0,Married
131,Aahan Wadhwa,Male,26,City,Artist,59543.0,Married
132,Riya Sinha,Male,24,Rural,Freelancer,56825.0,Married
133,Aditi Gambhir,Female,29,Suburb,Fullstack Developer,114178.0,Single
134,Swara Goswami,Male,35,Suburb,Business Owner,76370.0,Married
135,Aarya Goswami,Female,22,City,Freelancer,36816.0,Single
136,Avinash Kaul,Female,29,Suburb,Fullstack Developer,158843.0,Married
137,Vihaan Bansal,Male,28,City,Freelancer,66912.0,Married
138,Aahan Dwivedi,Female,59,Suburb,Business Owner,395783.0,Married
139,Avyanna Reddy,Male,36,City,Data Scientist,150480.0,Married
140,Aaditya Soni,Male,50,Rural,Business Owner,333645.0,Married
141,Aditi Rastogi,Female,23,City,Freelancer,29641.0,Married
142,Akshay Vaswani,Female,19,City,Freelancer,43235.0,Married
143,Arya Dubey,Female,20,City,Fullstack Developer,7761.0,Married
144,Isha Rathod,Male,41,Suburb,Consultant,30231.0,Single
145,Samar Tandon,Male,60,City,Business Owner,390068.0,Married
146,Krishna Rathore,Male,23,City,Freelancer,36297.0,Married
147,Rudra Goswami,Female,38,Suburb,Data Scientist,168269.0,Married
148,Sara Dube,Male,55,City,Business Owner,88579.0,Single
149,Yash Shah,Male,39,City,Data Scientist,152828.0,Single
150,Aanya Wadhwa,Female,19,City,Freelancer,58123.0,Married
151,Simran Naidu,Male,29,City,Artist,61482.0,Married
152,Arnav Puri,Male,39,Suburb,Business Owner,260057.0,Single
153,Aradhya Rana,Female,30,Suburb,Fullstack Developer,74531.0,Married
154,Aarushi Chatterjee,Male,32,Suburb,Fullstack Developer,122006.0,Single
155,Aarya Mangal,Female,33,City,Data Scientist,124973.0,Married
156,Krishna Trivedi,Male,24,City,Fullstack Developer,,Married
157,Avinash Rao,Male,27,City,Freelancer,215049.0,Married
158,Sara Dua,Male,40,City,Consultant,82122.0,Married
159,Mira Rastogi,Male,23,City,Freelancer,22917.0,Married
160,Gauri Mathur,Male,32,Rural,Business Owner,175636.0,Married
161,Ritvik Tiwari,Male,47,City,Business Owner,432333.0,Married
162,Samaira Bose,Male,55,City,Business Owner,353263.0,Single
163,Avinash Rathore,Male,32,City,Fullstack Developer,84638.0,Married
164,Aahan Saxena,Male,29,Rural,Freelancer,68445.0,Married
165,Arjun Mukherjee,Female,25,City,Freelancer,32199.0,Married
166,Swara Mehtani,Female,1,City,Freelancer,39721.0,Single
167,Simran Kadam,Male,42,Rural,Business Owner,248679.0,Married
168,Ishan Mangal,Male,41,City,Business Owner,331377.0,Married
169,Rohan Rao,Male,45,City,Business Owner,355902.0,Married
170,Kiaan Dwivedi,Female,32,Suburb,Fullstack Developer,147636.0,Single
171,Advait Kulkarni,Male,52,City,Business Owner,,Single
172,Reyansh Mukherjee,Male,46,Rural,Consultant,25003.0,Married
173,Ayush Dua,Female,57,City,Business Owner,319766.0,Single
174,Ridhi Choudhary,Male,21,City,Freelancer,38793.0,Married
175,Sneha Jaiswal,Male,110,City,Freelancer,23723.0,Married
176,Ishan Kaul,Male,52,City,Business Owner,235437.0,Married
177,Aaditya Goswami,Female,29,City,Fullstack Developer,102947.0,Married
178,Avyanna Joshi,Female,47,City,Business Owner,208398.0,Married
179,Anjali Verma,Male,54,City,Consultant,14146.0,Married
180,Anaya Singhania,Male,53,City,Business Owner,412037.0,Married
181,Rehan Agarwal,Female,39,Rural,Data Scientist,175619.0,Married
182,Pranav Jain,Male,49,Suburb,Business Owner,335310.0,Married
183,Aarohi Joshi,Male,30,City,Fullstack Developer,105757.0,Single
184,Aradhya Vernekar,Male,21,Rural,Freelancer,32896.0,Married
185,Anjali Thakur,Male,33,City,Business Owner,324357.0,Single
186,Sneha Tandon,Male,53,Suburb,Consultant,105511.0,Married
187,Aanya Pande,Male,53,City,Consultant,,Single
188,Suhani Patil,Female,47,City,Consultant,116470.0,Single
189,Krishna Bansal,Female,42,Suburb,Consultant,111008.0,Married
190,Aarohi Bajaj,Male,29,Suburb,Fullstack Developer,146521.0,Married
191,Yash Bansal,Female,35,City,Business Owner,216172.0,Single
192,Avinash Rastogi,Female,25,Suburb,Fullstack Developer,28265.0,Single
193,Mira Naidu,Male,37,Suburb,Data Scientist,,Married
194,Krishna Kaul,Female,43,Suburb,Consultant,95980.0,Single
195,Kriti Mittal,Male,33,City,Data Scientist,96405.0,Married
196,Anika Goel,Male,46,Suburb,Consultant,33066.0,Married
197,Krishna Verma,Male,28,City,Fullstack Developer,98819.0,Single
198,Myra Mistry,Male,25,City,Freelancer,40268.0,Married
199,Arya Acharya,Male,32,City,Fullstack Developer,158983.0,Married
200,Kunal Sardar,Female,27,City,Freelancer,71186.0,Married
201,Neha Joshi,Male,20,City,Freelancer,59783.0,Single
202,Ridhi Mehta,Female,24,City,Freelancer,38690.0,Married
203,Aryan Joshi,Female,32,City,Data Scientist,156671.0,Single
204,Isha Duggal,Male,25,Suburb,Fullstack Developer,55866.0,Married
205,Amara Bhat,Male,26,City,Artist,45048.0,Married
206,Rishabh Tandon,Male,39,City,Data Scientist,174253.0,Single
207,Aaditya Nanda,Male,26,City,Freelancer,234104.0,Married
208,Veer Dwivedi,Male,26,City,Artist,59356.0,Married
209,Reyansh Gandhi,Male,24,City,Fullstack Developer,34723.0,Single
210,Virat Bajaj,Female,33,Rural,Fullstack Developer,94955.0,Married
211,Sara Shetty,Male,24,City,Fullstack Developer,18231.0,Married
212,Aditi Tiwari,Female,23,City,Artist,46738.0,Married
213,Aaditya Rana,Female,31,City,Data Scientist,115280.0,Married
214,Mira Dutta,Female,32,City,Data Scientist,93963.0,Married
215,Avani Patel,Male,28,City,Freelancer,173703.0,Married
216,Myra Lalwani,Male,41,Suburb,Business Owner,118327.0,Married
217,Dhruv Singhal,Male,19,City,Freelancer,53788.0,Married
218,Priya Rastogi,Male,23,City,Fullstack Developer,19374.0,Married
219,Arnav Gupta,Male,26,City,Artist,76263.0,Married
220,Kunal Acharya,Male,18,Rural,Freelancer,9568.0,Married
221,Vivaan Gambhir,Male,64,Suburb,Business Owner,222442.0,Married
222,Rehan Thakur,Male,32,City,Data Scientist,171203.0,Married
223,Aaryan Bajaj,Male,110,Suburb,Freelancer,210987.0,Married
224,Mira Goswami,Male,53,Suburb,Business Owner,382812.0,Married
225,Dhruv Patil,Female,50,City,Consultant,25109.0,Married
226,Aarohi Rathod,Male,39,Suburb,Accountant,79953.0,Married
227,Ritvik Sinha,Female,21,City,Freelancer,37836.0,Married
228,Mihika Batra,Male,48,City,Business Owner,,Married
229,Aaryan Gandhi,Female,59,City,Business Owner,207356.0,Married
230,Rudra Lal,Male,24,Rural,Freelancer,7906.0,Single
231,Rohan Kapoor,Female,32,Suburb,Business Owner,449346.0,Married
232,Kabir Ver,Female,41,City,Consultant,38735.0,Married
233,Aaditya Rathore,Male,26,City,Freelancer,,Married
234,Rishabh Rana,Male,58,City,Business Owner,448510.0,Single
235,Riya Soni,Male,34,Suburb,Fullstack Developer,99709.0,Married
236,Vivaan Malik,Male,63,Suburb,Business Owner,243612.0,Married
237,Avyanna Mittal,Female,34,City,Fullstack Developer,122550.0,Single
238,Rehan Jaiswal,Male,52,Suburb,Business Owner,227410.0,Married
239,Aditya Khanna,Male,25,City,Data Scientist,23667.0,Single
240,Sia Agarwal,Male,26,Suburb,Freelancer,129256.0,Married
241,Yuvraj Chatterjee,Male,24,Suburb,Freelancer,,Married
242,Aarohi Acharya,Male,44,City,Consultant,14589.0,Married
243,Neha Rathore,Male,43,City,Business Owner,140062.0,Married
244,Krishna Dwivedi,Female,23,City,Fullstack Developer,58503.0,Single
245,Swara Nanda,Female,29,City,Fullstack Developer,139290.0,Married
246,Aradhya Nanda,Male,44,City,Consultant,93948.0,Married
247,Advik Bhat,Male,25,City,Freelancer,13370.0,Single
248,Simran Vernekar,Male,26,Suburb,Freelancer,138254.0,Married
249,Avani Das,Female,29,City,Fullstack Developer,141586.0,Married
250,Priya Choudhary,Female,36,City,Business Owner,159195.0,Married
251,Advait Goswami,Male,39,City,Consultant,26264.0,Married
252,Kunal Dewan,Male,55,Rural,Business Owner,415815.0,Single
253,Amaira Jha,Female,59,Suburb,Business Owner,138525.0,Married
254,Myra Malhotra,Male,21,City,Fullstack Developer,9682.0,Married
255,Krishna Mukherjee,Female,29,City,Data Scientist,171653.0,Single
256,Aaryan Srivastava,Female,33,City,Fullstack Developer,133110.0,Married
257,Avinash Jain,Male,28,City,Freelancer,205791.0,Married
258,Anika Wadhwa,Male,28,City,Artist,35731.0,Married
259,Anika Taneja,Male,28,City,Freelancer,172607.0,Married
260,Aisha Mittal,Male,32,City,Business Owner,358506.0,Married
261,Simran Sahani,Female,36,Rural,Data Scientist,186609.0,Married
262,Amara Mittal,Female,21,Rural,Freelancer,52403.0,Married
263,Veer Rathod,Male,53,Suburb,Business Owner,50.0,Married
264,Ridhi Chatterjee,Male,26,Rural,Freelancer,211261.0,Single
265,Yuvraj Vasudeva,Female,26,City,Data Scientist,133189.0,Married
266,Aaryan Gambhir,Female,39,Suburb,Data Scientist,117773.0,Married
267,Rohan Rastogi,Male,22,City,Freelancer,49060.0,Single
268,Suhani Mittal,Female,20,City,Fullstack Developer,42291.0,Single
269,Anjali Nair,Male,42,City,Consultant,62387.0,Married
270,Amaira Sinha,Male,48,City,Consultant,85775.0,Married
271,Simran Shukla,Male,29,City,Data Scientist,141741.0,Married
272,Rudra Sareen,Female,61,City,Business Owner,123639.0,Married
273,Sia Jha,Male,50,Suburb,Business Owner,,Married
274,Kavya Arora,Male,33,City,Data Scientist,135474.0,Married
275,Simran Bhat,Male,28,City,Fullstack Developer,72892.0,Married
276,Virat Tandon,Female,47,City,Consultant,,Single
277,Manya Dutta,Male,41,City,Consultant,21673.0,Married
278,Amaira Dewan,Male,110,City,Consultant,96522.0,Single
279,Neha Thakur,Female,29,City,Freelancer,59609.0,Married
280,Ridhi Mehrotra,Male,61,City,Business Owner,415203.0,Married
281,Pooja Kulkarni,Female,32,City,Business Owner,100846.0,Married
282,Aradhya Pandey,Male,26,City,Fullstack Developer,101491.0,Married
283,Sia Reddy,Male,30,City,Data Scientist,190344.0,Single
284,Yuvraj Dutta,Male,21,Rural,Fullstack Developer,26514.0,Married
285,Arnav Ver,Female,29,City,Data Scientist,109050.0,Married
286,Suhani Pande,Female,34,City,Data Scientist,107622.0,Single
287,Ananya Dua,Female,25,Rural,Data Scientist,10847.0,Single
288,Riya Mehrotra,Male,35,City,Business Owner,105873.0,Single
289,Gauri Mangal,Female,64,City,Business Owner,145898.0,Married
290,Pooja Dubey,Male,48,City,Business Owner,162017.0,Married
291,Aryan Gupta,Female,48,City,Consultant,71725.0,Married
292,Aanya Choudhary,Male,21,Suburb,Freelancer,31174.0,Married
293,Ananya Lal,Male,61,City,Business Owner,213270.0,Married
294,Manya Lal,Female,64,Suburb,Business Owner,108461.0,Married
295,Rohan Dewan,Male,33,Rural,Data Scientist,168348.0,Married
296,Veer Anand,Male,1,Rural,Accountant,55254.0,Married
297,Vihaan Sen,Male,21,City,Freelancer,44908.0,Single
298,Reyansh Gambhir,Male,60,City,Business Owner,123518.0,Married
299,Aradhya Rana,Female,34,City,Data Scientist,96494.0,Married
300,Sanjana Jaiswal,Female,32,City,Business Owner,448071.0,Married
301,Arjun Monga,Male,40,Suburb,Business Owner,184295.0,Married
302,Amara Vaswani,Female,61,City,Business Owner,245243.0,Single
303,Aarya Acharya,Female,23,Rural,Freelancer,25999.0,Married
304,Kriti Mathur,Female,63,Suburb,Business Owner,192494.0,Married
305,Vivaan Srivastava,Female,54,Suburb,Business Owner,314037.0,Single
306,Ishita Malik,Male,37,City,Business Owner,306699.0,Married
307,Aarya Kadam,Female,19,Suburb,Freelancer,40695.0,Married
308,Veer Malhotra,Male,50,Suburb,Business Owner,83075.0,Married
309,Aditya Goel,Male,31,Suburb,Fullstack Developer,110926.0,Single
310,Zara Mathur,Male,62,City,Business Owner,254840.0,Married
311,Aisha Agarwal,Male,39,Rural,Data Scientist,172924.0,Married
312,Krishna Jain,Male,29,City,Freelancer,222881.0,Married
313,Akshay Dube,Male,50,City,Consultant,,Married
314,Aanya Wadhwa,Female,53,City,Business Owner,309817.0,Married
315,Aditi Patil,Male,18,Suburb,Freelancer,10745.0,Single
316,Aradhya Pawar,Female,25,City,Data Scientist,,Married
317,Avinash Chauhan,Male,47,City,Consultant,50.0,Married
318,Veer D'Souza,Male,64,Suburb,Business Owner,260977.0,Married
319,Ishan Das,Male,29,City,Data Scientist,195695.0,Married
320,Priya Mehrotra,Female,54,City,Business Owner,117140.0,Married
321,Ananya Bansal,Male,60,Suburb,Business Owner,384275.0,Married
322,Aisha D'Souza,Male,49,Rural,Business Owner,148301.0,Married
323,Dhruv Acharya,Male,34,City,Data Scientist,99417.0,Married
324,Sara Raj,Female,52,Suburb,Consultant,39037.0,Married
325,Aarya Gupta,Male,24,City,Freelancer,48700.0,Married
326,Yash Chatterjee,Male,110,City,Accountant,61021.0,Single
327,Vivaan Dhawan,Female,33,Suburb,Data Scientist,196607.0,Married
328,Ananya Singh,Male,34,City,Business Owner,253981.0,Married
329,Ridhi Bali,Male,32,City,Business Owner,107900.0,Single
330,Myra Bajaj,Female,61,Rural,Business Owner,212028.0,Married
331,Avani Wadhwa,Female,55,City,Business Owner,382680.0,Married
332,Ayush Vernekar,Male,57,City,Business Owner,428156.0,Married
333,Aaryan Rathore,Female,43,City,Business Owner,199099.0,Married
334,Samaira D'Souza,Female,29,City,Data Scientist,50.0,Married
335,Manya Jha,Male,24,City,Fullstack Developer,13000.0,Married
336,Aisha Pande,Male,35,City,Data Scientist,151432.0,Single
337,Sneha Acharya,Male,29,Suburb,Artist,79267.0,Married
338,Rohan Banerjee,Female,21,City,Freelancer,59272.0,Single
339,Sara Sareen,Male,47,Suburb,Consultant,100299.0,Single
340,Isha Mangal,Male,29,City,Data Scientist,164717.0,Married
341,Ridhi Rastogi,Female,33,Rural,Fullstack Developer,50.0,Married
342,Gauri Gupta,Female,24,City,Fullstack Developer,40146.0,Married
343,Arya Sen,Male,47,City,Business Owner,298432.0,Married
344,Aarav Rana,Male,21,Suburb,Freelancer,9854.0,Married
345,Ishan D'Souza,Male,32,City,Fullstack Developer,136118.0,Married
346,Kunal Shetty,Female,29,City,Fullstack Developer,99499.0,Single
347,Ritvik Chatterjee,Female,47,Rural,Consultant,57297.0,Single
348,Zara Pawar,Female,53,Suburb,Consultant,49156.0,Married
349,Isha Acharya,Female,33,City,Data Scientist,149105.0,Married
350,Reyansh Gambhir,Male,25,City,Freelancer,9379.0,Married
351,Akshay Anand,Female,18,Suburb,Freelancer,14985.0,Single
352,Aarya Saxena,Female,47,City,Business Owner,267976.0,Married
353,Sneha Sethi,Male,31,City,Fullstack Developer,153492.0,Married
354,Aanya Wadhwa,Female,23,City,Freelancer,22908.0,Married
355,Rehan Reddy,Male,28,Suburb,Freelancer,127755.0,Single
356,Rehan Rana,Male,27,City,Fullstack Developer,74383.0,Single
357,Amaira Sharma,Female,24,City,Freelancer,23891.0,Married
358,Vihaan Taneja,Male,55,Suburb,Business Owner,136671.0,Married
359,Aarav Ganguly,Male,28,Suburb,Artist,52885.0,Married
360,Aarohi Dwivedi,Female,51,City,Business Owner,246449.0,Married
361,Sia Shukla,Female,18,City,Freelancer,28034.0,Married
362,Zara Naidu,Male,34,City,Fullstack Developer,111631.0,Single
363,Kavya Singh,Male,20,City,Fullstack Developer,33638.0,Married
364,Aaditya Lal,Female,36,City,Data Scientist,148069.0,Married
365,Rishabh Chatterjee,Female,38,Suburb,Data Scientist,159476.0,Married
366,Aradhya Shetty,Male,20,City,Fullstack Developer,38830.0,Married
367,Aaditya Trivedi,Male,24,City,Freelancer,12234.0,Single
368,Avyanna Rao,Male,26,City,Data Scientist,158322.0,Married
369,Aahana Mehta,Male,26,City,Artist,38630.0,Married
370,Neha Tandon,Male,27,City,Freelancer,172989.0,Married
371,Sia Anand,Female,34,City,Fullstack Developer,150269.0,Married
372,Pranav Dhawan,Male,27,City,Artist,34205.0,Married
373,Mira Vasudeva,Male,55,City,Business Owner,404309.0,Married
374,Virat Gulati,Male,39,City,Data Scientist,124138.0,Married
375,Ridhi Vernekar,Female,28,City,Freelancer,81226.0,Married
376,Aarohi Nair,Male,50,Suburb,Consultant,89475.0,Single
377,Advik Acharya,Female,30,City,Data Scientist,191685.0,Married
378,Priya Rana,Male,54,City,Business Owner,323843.0,Married
379,Avyanna Dua,Male,34,City,Data Scientist,171556.0,Married
380,Krishna Kulkarni,Female,59,City,Business Owner,360385.0,Single
381,Samar Patil,Male,23,City,Freelancer,46759.0,Single
382,Ishan Malik,Male,25,Suburb,Fullstack Developer,13510.0,Married
383,Akshay Saxena,Female,33,Suburb,Business Owner,388679.0,Married
384,Avyanna Kapoor,Male,30,City,Data Scientist,180424.0,Married
385,Ayush Rastogi,Male,35,City,Data Scientist,137381.0,Single
386,Pranav Ver,Male,21,City,Fullstack Developer,24726.0,Married
387,Avyanna Mehrotra,Male,30,City,Fullstack Developer,75257.0,Single
388,Neha Das,Male,47,City,Business Owner,290093.0,Single
389,Ridhi Vaswani,Female,48,City,Business Owner,123107.0,Married
390,Rohan Mhatre,Male,26,City,Freelancer,188117.0,Married
391,Anaya Srinivasan,Female,55,City,Business Owner,399169.0,Married
392,Kunal Malik,Male,47,Suburb,Business Owner,150225.0,Married
393,Anjali Tiwari,Male,39,Rural,Data Scientist,123922.0,Married
394,Simran Rana,Female,31,City,Data Scientist,148674.0,Married
395,Rudra Trivedi,Female,52,City,Consultant,93565.0,Married
396,Amaira Khanna,Female,62,City,Business Owner,227798.0,Married
397,Advait Wadhwa,Male,50,Rural,Business Owner,343178.0,Married
398,Aarya Pandey,Male,60,Suburb,Business Owner,312116.0,Single
399,Sia Gavaskar,Male,28,City,Fullstack Developer,149197.0,Single
400,Pooja Bhat,Male,55,City,Business Owner,218840.0,Married
401,Samaira Saxena,Female,32,City,Fullstack Developer,87876.0,Married
402,Ananya Kaul,Male,63,Rural,Business Owner,374818.0,Married
403,Pranav Gambhir,Male,60,City,Business Owner,,Married
404,Isha Dubey,Male,21,City,Freelancer,41939.0,Married
405,Kavya Rao,Male,26,City,Data Scientist,,Single
406,Aaryan Singh,Female,29,City,Fullstack Developer,107615.0,Single
407,Aarya Yadav,Female,37,City,Data Scientist,129765.0,Married
408,Avyanna Mistry,Male,29,City,Freelancer,204721.0,Single
409,Yash Pawar,Male,29,Suburb,Data Scientist,125013.0,Married
410,Ridhi Pandey,Male,45,Rural,Consultant,,Married
411,Rehan Shetty,Female,25,Rural,Artist,21827.0,Married
412,Rehan Acharya,Female,24,City,Fullstack Developer,14941.0,Married
413,Rishabh Kulkarni,Female,36,Suburb,Business Owner,169278.0,Married
414,Aarohi Kulkarni,Male,36,City,Data Scientist,108063.0,Married
415,Aarav Chatterjee,Female,24,City,Freelancer,40510.0,Married
416,Ishan Mhatre,Male,27,City,Freelancer,60647.0,Married
417,Pranav Bansal,Male,29,City,Fullstack Developer,110584.0,Married
418,Ritvik Gulati,Male,31,City,Fullstack Developer,88945.0,Married
419,Akshay Lalwani,Female,64,City,Business Owner,386681.0,Single
420,Kiaan Pawar,Female,29,City,Fullstack Developer,118838.0,Married
421,Isha Verma,Male,44,City,Business Owner,418162.0,Married
422,Akshay Singhania,Male,25,City,Freelancer,33413.0,Married
423,Arya Sinha,Female,22,City,Fullstack Developer,42452.0,Married
424,Kabir Singhal,Female,21,City,Freelancer,44668.0,Married
425,Vihaan Dube,Male,32,City,Data Scientist,141158.0,Married
426,Kunal Verma,Male,34,City,Data Scientist,153399.0,Single
427,Arnav Singhal,Female,40,City,Business Owner,195457.0,Single
428,Dhruv Sahani,Female,39,Suburb,Data Scientist,158997.0,Married
429,Manya Mhatre,Female,63,Suburb,Business Owner,260311.0,Single
430,Ishita Wadhwa,Female,55,City,Business Owner,365184.0,Married
431,Aarav Nanda,Male,22,Suburb,Freelancer,32440.0,Married
432,Sneha Duggal,Female,26,City,Freelancer,149828.0,Married
433,Ananya Pande,Female,60,Rural,Business Owner,118236.0,Single
434,Aarya Das,Female,28,Suburb,Data Scientist,182741.0,Married
435,Sara Sahani,Male,29,City,Data Scientist,120871.0,Married
436,Advik Srivastava,Female,21,Suburb,Fullstack Developer,47667.0,Single
437,Suhani Jha,Female,25,Rural,Fullstack Developer,47353.0,Married
438,Rehan Shetty,Female,25,City,Fullstack Developer,19064.0,Married
439,Krishna Chatterjee,Male,21,City,Freelancer,38797.0,Married
440,Kabir Agarwal,Male,27,City,Fullstack Developer,118900.0,Married
441,Arnav Yadav,Male,36,Suburb,Data Scientist,,Married
442,Aradhya Duggal,Male,32,Rural,Business Owner,427436.0,Married
443,Aaditya Chatterjee,Male,53,City,Business Owner,77003.0,Married
444,Myra Mukherjee,Male,37,City,Business Owner,78223.0,Married
445,Kunal Jaiswal,Male,21,City,Freelancer,51269.0,Married
446,Arjun Sethi,Male,32,City,Data Scientist,106161.0,Married
447,Sneha Nair,Male,60,City,Business Owner,,Married
448,Ishan Tandon,Female,28,Suburb,Data Scientist,107739.0,Married
449,Aahan Gulati,Female,22,Rural,Freelancer,23593.0,Married
450,Sanjana Naidu,Female,24,Suburb,Fullstack Developer,,Married
451,Manya Malhotra,Male,29,Rural,Freelancer,104885.0,Married
452,Anjali Puri,Male,26,City,Data Scientist,116545.0,Married
453,Aahana Arora,Female,33,City,Data Scientist,159157.0,Married
454,Arjun Gulati,Male,39,City,Data Scientist,153147.0,Married
455,Kriti Singhal,Male,52,City,Business Owner,351625.0,Married
456,Yash Sahani,Male,41,Rural,Consultant,106403.0,Married
457,Gauri Agarwal,Male,37,Suburb,Data Scientist,97357.0,Married
458,Suhani Mittal,Male,22,Rural,Fullstack Developer,20040.0,Single
459,Kavya Puri,Female,26,City,Freelancer,229552.0,Married
460,Arnav Shah,Male,28,City,Data Scientist,109181.0,Single
461,Aarushi Ganguly,Male,27,Suburb,Data Scientist,104374.0,Married
462,Pooja Gandhi,Male,33,City,Data Scientist,,Married
463,Arjun Sareen,Male,21,City,Fullstack Developer,30644.0,Married
464,Virat Soni,Male,40,City,Business Owner,83676.0,Single
465,Ritvik Saxena,Male,39,City,Business Owner,435120.0,Married
466,Ananya Yadav,Male,44,Suburb,Consultant,43466.0,Married
467,Mihika Lalwani,Male,19,Suburb,Freelancer,18103.0,Married
468,Amaira Dube,Female,22,City,Fullstack Developer,47514.0,Married
469,Priya Sharma,Female,46,City,Business Owner,421828.0,Married
470,Riya Mangal,Female,55,City,Business Owner,439576.0,Single
471,Kriti Mehtani,Male,48,City,Business Owner,286984.0,Married
472,Aaryan Goel,Male,62,City,Business Owner,332828.0,Married
473,Avinash Singh,Female,23,City,Freelancer,55011.0,Married
474,Kavya Mhatre,Female,57,City,Business Owner,225316.0,Married
475,Kriti Rao,Female,28,City,Data Scientist,,Single
476,Aditi Dua,Female,29,Suburb,Data Scientist,125037.0,Married
477,Amara Chatterjee,Male,33,City,Fullstack Developer,94680.0,Married
478,Aahan Choudhary,Male,41,City,Business Owner,317372.0,Single
479,Aditya Nair,Male,40,City,Business Owner,295440.0,Married
480,Rohan Gupta,Male,51,City,Business Owner,245894.0,Married
481,Gauri Bhat,Female,30,City,Data Scientist,169350.0,Single
482,Ananya Kadam,Male,22,City,Freelancer,43783.0,Married
483,Priya D'Souza,Female,37,Suburb,Data Scientist,190369.0,Married
484,Aarohi Monga,Male,28,City,Fullstack Developer,109124.0,Married
485,Isha Mathur,Male,24,City,Freelancer,7674.0,Married
486,Pooja Agarwal,Male,53,City,Business Owner,415191.0,Married
487,Priya Vernekar,Female,29,City,Freelancer,196247.0,Married
488,Aarushi Ganguly,Female,47,City,Consultant,29292.0,Married
489,Aahan Soni,Male,60,Suburb,Business Owner,316173.0,Married
490,Avinash Acharya,Male,32,City,Data Scientist,109012.0,Single
491,Reyansh Raj,Male,19,City,Freelancer,38672.0,Married
492,Yuvraj Gulati,Male,56,City,Business Owner,258154.0,Single
493,Rudra Dubey,Male,24,City,Freelancer,37301.0,Married
494,Avyanna Patel,Male,41,City,Business Owner,225842.0,Married
495,Ritvik Dhawan,Male,34,City,Data Scientist,113191.0,Married
496,Aarya Pande,Male,25,City,Data Scientist,6779.0,Married
497,Mihika Malik,Male,29,Suburb,Freelancer,189569.0,Married
498,Aaryan Srinivasan,Female,25,Suburb,Data Scientist,56534.0,Married
499,Anika Rana,Male,33,City,Fullstack Developer,84833.0,Single
500,Aarya Patil,Male,21,City,Fullstack Developer,32416.0,Single
501,Krishna Shukla,Male,38,City,Data Scientist,181135.0,Married
502,Ishan Ganguly,Male,35,Suburb,Data Scientist,97061.0,Single
503,Aahana Srivastava,Male,38,Suburb,Data Scientist,,Single
504,Mira Gavaskar,Female,33,City,Fullstack Developer,98231.0,Single
505,Arjun Wadhwa,Female,27,Suburb,Freelancer,221850.0,Married
506,Riya Chatterjee,Male,29,City,Freelancer,171410.0,Married
507,Amaira Srivastava,Female,27,Suburb,Fullstack Developer,94643.0,Married
508,Zara Bhat,Male,25,City,Data Scientist,32640.0,Single
509,Ridhi Yadav,Male,55,City,Business Owner,,Married
510,Aahana Shukla,Male,61,Suburb,Business Owner,266443.0,Married
511,Aarohi Bhat,Female,35,Suburb,Data Scientist,177733.0,Single
512,Sneha Yadav,Male,22,Suburb,Freelancer,31130.0,Single
513,Arjun Mukherjee,Male,27,City,Data Scientist,129335.0,Single
514,Kriti Rathod,Female,38,City,Business Owner,222856.0,Married
515,Sanjana Verma,Female,50,City,Business Owner,293417.0,Married
516,Kavya Nair,Male,46,City,Business Owner,177542.0,Single
517,Anaya Batra,Male,29,Rural,Fullstack Developer,,Single
518,Simran Tandon,Female,34,City,Fullstack Developer,143481.0,Married
519,Avinash Vaswani,Male,60,City,Business Owner,225054.0,Single
520,Aarushi Das,Male,21,City,Freelancer,41873.0,Married
521,Advait Kulkarni,Male,29,City,Fullstack Developer,147607.0,Single
522,Krishna Gulati,Male,43,City,Consultant,105051.0,Single
523,Kriti Bansal,Male,39,City,Data Scientist,121729.0,Married
524,Aaditya Sahani,Female,53,Suburb,Business Owner,339870.0,Married
525,Sara Naidu,Female,21,City,Fullstack Developer,42819.0,Married
526,Aahan Kulkarni,Male,33,City,Data Scientist,91667.0,Married
527,Riya Negi,Female,34,City,Data Scientist,191016.0,Married
528,Myra Dewan,Male,18,City,Freelancer,21281.0,Married
529,Sneha Dua,Male,19,City,Freelancer,27523.0,Married
530,Sneha Goel,Male,53,Suburb,Business Owner,372963.0,Married
531,Avani Rastogi,Male,32,City,Business Owner,,Married
532,Sara Mistry,Male,36,Rural,Data Scientist,119798.0,Married
533,Aryan Thakur,Female,54,City,Business Owner,112754.0,Married
534,Vihaan Chauhan,Male,23,City,Freelancer,43041.0,Married
535,Akshay Srinivasan,Male,46,Suburb,Consultant,6075.0,Single
536,Yash Kapoor,Male,21,City,Freelancer,37679.0,Married
537,Avyanna Raj,Male,33,City,Data Scientist,,Married
538,Isha Joshi,Male,25,City,Freelancer,47520.0,Married
539,Arjun Gambhir,Male,27,Suburb,Data Scientist,167318.0,Single
540,Neha Malhotra,Male,41,City,Business Owner,254836.0,Married
541,Rishabh Mukherjee,Male,30,City,Data Scientist,172145.0,Single
542,Kunal Yadav,Female,29,Rural,Fullstack Developer,98597.0,Married
543,Aditya Rathore,Male,41,City,Consultant,17218.0,Married
544,Gauri Gupta,Male,54,City,Consultant,2.0,Married
545,Arya Gulati,Female,37,City,Business Owner,217735.0,Married
546,Aaditya Shukla,Male,27,City,Freelancer,116941.0,Married
547,Vivaan Lal,Male,29,City,Data Scientist,104847.0,Married
548,Rohan Bali,Male,33,City,Business Owner,316901.0,Single
549,Rishabh Rathod,Female,57,Rural,Business Owner,107961.0,Married
550,Kavya Monga,Male,44,City,Business Owner,224323.0,Single
551,Samaira Kapoor,Male,54,City,Business Owner,272068.0,Married
552,Manya Kulkarni,Male,33,City,Data Scientist,122499.0,Married
553,Gauri Singh,Male,29,City,Freelancer,155264.0,Married
554,Arya Kapoor,Female,55,City,Business Owner,402899.0,Married
555,Manya Tandon,Male,48,City,Consultant,61199.0,Married
556,Ishita Dua,Female,40,City,Consultant,79436.0,Single
557,Arjun Kapoor,Male,19,City,Freelancer,19068.0,Single
558,Akshay Dwivedi,Male,36,City,Accountant,69919.0,Married
559,Isha Mistry,Male,28,Suburb,Fullstack Developer,114374.0,Single
560,Aryan Mittal,Female,23,City,Freelancer,42352.0,Married
561,Vihaan Vernekar,Male,39,City,Consultant,7998.0,Single
562,Ridhi Bansal,Male,28,Rural,Fullstack Developer,117303.0,Married
563,Aahana Mistry,Male,26,City,Freelancer,94365.0,Single
564,Yuvraj Sardar,Male,25,City,Data Scientist,33166.0,Single
565,Zara Trivedi,Female,21,Suburb,Freelancer,48310.0,Married
566,Ishita Taneja,Male,41,City,Business Owner,207593.0,Single
567,Aryan Mehta,Female,44,Suburb,Consultant,30280.0,Married
568,Mihika Ver,Male,21,City,Freelancer,38067.0,Married
569,Ridhi Mehrotra,Male,25,Rural,Freelancer,49451.0,Married
570,Ayush Reddy,Female,24,City,Freelancer,59878.0,Married
571,Myra Mehrotra,Male,48,City,Business Owner,429509.0,Married
572,Isha Goswami,Female,28,City,Artist,48608.0,Married
573,Swara Gavaskar,Male,35,City,Business Owner,190358.0,Married
574,Simran Gavaskar,Male,27,City,Data Scientist,198981.0,Married
575,Advait Tandon,Male,28,City,Freelancer,69856.0,Married
576,Manya Srivastava,Male,25,Suburb,Freelancer,42361.0,Single
577,Yuvraj Gulati,Male,24,Rural,Freelancer,13179.0,Married
578,Ishita Rathod,Male,32,City,Data Scientist,101373.0,Married
579,Sia Bansal,Male,29,City,Freelancer,171328.0,Married
580,Sara Pandey,Male,29,City,Freelancer,96480.0,Married
581,Ishita Dube,Male,21,City,Fullstack Developer,46711.0,Married
582,Mira Arora,Female,30,Suburb,Data Scientist,123037.0,Married
583,Aarya Anand,Male,50,Suburb,Consultant,109639.0,Married
584,Ananya Patil,Male,35,City,Data Scientist,156759.0,Married
585,Ananya Mukherjee,Male,47,City,Business Owner,189640.0,Married
586,Avyanna Srivastava,Male,27,City,Freelancer,209355.0,Married
587,Suhani Shetty,Female,53,City,Business Owner,171004.0,Married
588,Kavya Chatterjee,Male,42,City,Consultant,18853.0,Married
589,Kavya Ver,Female,53,City,Business Owner,211928.0,Married
590,Aarya Sharma,Female,36,City,Business Owner,97485.0,Married
591,Pooja Nanda,Male,33,Suburb,Data Scientist,141821.0,Married
592,Gauri Chatterjee,Male,33,Suburb,Data Scientist,172005.0,Single
593,Vivaan Pande,Female,32,City,Business Owner,50.0,Married
594,Suhani D'Souza,Male,24,City,Freelancer,5708.0,Married
595,Ritvik Vernekar,Female,36,City,Data Scientist,111788.0,Married
596,Manya Duggal,Female,29,Suburb,Data Scientist,155792.0,Married
597,Anika Singhal,Male,26,City,Freelancer,232089.0,Married
598,Krishna Sareen,Female,51,Suburb,Business Owner,214824.0,Married
599,Kunal Singhania,Female,57,City,Business Owner,331694.0,Married
600,Aarav Bali,Female,38,City,Consultant,,Single
601,Aarushi Malhotra,Male,56,Suburb,Business Owner,421089.0,Married
602,Avinash Naidu,Male,61,City,Business Owner,411929.0,Married
603,Aahan Jaiswal,Male,18,Suburb,Freelancer,58457.0,Married
604,Akshay Bansal,Male,25,Suburb,Fullstack Developer,,Married
605,Samar Mathur,Female,35,City,Accountant,63883.0,Married
606,Aryan Sahani,Male,32,City,Data Scientist,145504.0,Married
607,Rudra Tiwari,Female,22,City,Fullstack Developer,25136.0,Married
608,Aarya Goel,Female,29,City,Data Scientist,162004.0,Married
609,Zara Agarwal,Female,25,City,Data Scientist,,Single
610,Pooja Dube,Female,44,City,Business Owner,213638.0,Single
611,Advait Mangal,Male,135,Rural,Business Owner,444776.0,Married
612,Ayush Banerjee,Male,36,City,Data Scientist,188838.0,Married
613,Veer Mehta,Female,24,City,Artist,44782.0,Single
614,Aryan Ver,Female,25,City,Freelancer,35721.0,Married
615,Veer Srivastava,Male,26,City,Freelancer,212398.0,Married
616,Manya Kapadia,Female,19,City,Freelancer,10120.0,Married
617,Aradhya Goswami,Male,33,Suburb,Fullstack Developer,87033.0,Married
618,Ishan Bhat,Female,29,City,Data Scientist,196348.0,Single
619,Aryan Singhal,Male,46,City,Business Owner,193192.0,Married
620,Aaditya Raj,Female,37,Rural,Data Scientist,180772.0,Married
621,Priya Shukla,Male,31,City,Data Scientist,192297.0,Married
622,Suhani Sareen,Male,25,Suburb,Fullstack Developer,42596.0,Single
623,Advait Vasudeva,Male,48,City,Business Owner,321879.0,Married
624,Aditya Monga,Female,18,City,Freelancer,32793.0,Married
625,Vivaan Kadam,Male,26,City,Data Scientist,117389.0,Married
626,Yuvraj Dubey,Male,22,City,Fullstack Developer,8138.0,Married
627,Ayush D'Souza,Female,18,City,Freelancer,55724.0,Single
628,Arnav Jha,Male,47,Suburb,Consultant,44646.0,Married
629,Advait Banerjee,Male,28,Suburb,Freelancer,198082.0,Married
630,Aanya Dewan,Male,29,Suburb,Freelancer,186031.0,Married
631,Avinash Duggal,Male,50,Suburb,Consultant,21070.0,Married
632,Arya Saxena,Female,32,City,Data Scientist,177600.0,Married
633,Vihaan Negi,Female,35,City,Business Owner,336658.0,Single
634,Aradhya Pandey,Male,26,City,Data Scientist,2.0,Married
635,Sanjana Kaul,Female,21,City,Freelancer,,Married
636,Kabir Rathod,Male,48,City,Business Owner,357693.0,Single
637,Vihaan Yadav,Male,33,City,Fullstack Developer,98828.0,Married
638,Rehan Pandey,Male,31,Rural,Data Scientist,189224.0,Married
639,Sneha Mhatre,Male,24,Suburb,Fullstack Developer,18534.0,Single
640,Advait Narang,Male,48,City,Consultant,105906.0,Married
641,Yuvraj Dutta,Male,41,City,Business Owner,155726.0,Married
642,Arjun Kulkarni,Female,29,City,Freelancer,248597.0,Married
643,Kiaan Vaswani,Male,42,Suburb,Business Owner,404875.0,Single
644,Aradhya Bose,Female,24,City,Freelancer,50014.0,Married
645,Ayush Mehrotra,Male,64,City,Business Owner,,Single
646,Pranav Das,Male,25,City,Fullstack Developer,30307.0,Single
647,Ridhi Dhawan,Female,29,City,Data Scientist,161541.0,Married
648,Zara Das,Male,27,City,Data Scientist,192974.0,Single
649,Aditya Rao,Male,41,City,Consultant,,Married
650,Reyansh Tandon,Male,61,Suburb,Business Owner,194922.0,Single
651,Reyansh Banerjee,Female,47,Rural,Consultant,,Married
652,Kunal Khanna,Male,24,City,Fullstack Developer,32014.0,Single
653,Aahan Malhotra,Female,26,City,Freelancer,210957.0,Married
654,Kiaan Patil,Female,38,City,Consultant,17135.0,Married
655,Sanjana Arora,Female,35,Suburb,Data Scientist,111306.0,Married
656,Aarushi Rathod,Male,40,City,Business Owner,276974.0,Married
657,Reyansh Duggal,Female,26,City,Freelancer,80428.0,Married
658,Kiaan Lalwani,Female,19,City,Freelancer,17669.0,Married
659,Mira Vaswani,Female,29,City,Artist,32760.0,Married
660,Aditya Rao,Female,35,City,Data Scientist,181052.0,Married
661,Rehan Sareen,Male,34,Rural,Accountant,55489.0,Married
662,Ishan Gupta,Male,34,City,Fullstack Developer,143915.0,Married
663,Aaditya Wadhwa,Male,23,City,Freelancer,44128.0,Single
664,Anika Sen,Female,22,City,Freelancer,52061.0,Married
665,Rohan Vasudeva,Male,32,Rural,Fullstack Developer,,Married
666,Suhani Rana,Female,28,City,Data Scientist,91538.0,Married
667,Aarya Duggal,Male,54,City,Consultant,66125.0,Married
668,Aaditya Acharya,Male,44,City,Consultant,16571.0,Married
669,Mira Dhawan,Female,39,City,Data Scientist,190652.0,Married
670,Vihaan Acharya,Male,61,City,Business Owner,329548.0,Married
671,Advik Acharya,Male,40,City,Consultant,116070.0,Married
672,Anika Joshi,Male,54,City,Business Owner,405425.0,Married
673,Neha Sethi,Female,27,City,Fullstack Developer,70847.0,Married
674,Aradhya Kulkarni,Female,58,City,Business Owner,315163.0,Married
675,Ishita Batra,Female,39,Suburb,Business Owner,132951.0,Married
676,Ishan Sharma,Male,20,City,Fullstack Developer,31410.0,Married
677,Riya Mittal,Male,47,Suburb,Consultant,77015.0,Married
678,Sara Verma,Male,36,Suburb,Data Scientist,142723.0,Married
679,Aditya Singh,Male,24,Rural,Fullstack Developer,18566.0,Married
680,Veer Rana,Male,49,City,Consultant,94944.0,Married
681,Ayush Chatterjee,Male,23,City,Freelancer,38515.0,Single
682,Aaryan Kapoor,Male,37,Suburb,Data Scientist,,Married
683,Avani Gupta,Male,23,City,Freelancer,38914.0,Married
684,Aaryan Soni,Male,39,Suburb,Data Scientist,183997.0,Married
685,Simran Malhotra,Female,61,City,Business Owner,247826.0,Single
686,Aarav Mangal,Male,60,Suburb,Business Owner,187035.0,Married
687,Gauri Nanda,Male,40,City,Business Owner,2.0,Married
688,Anika Sinha,Female,31,City,Fullstack Developer,132023.0,Married
689,Aahan Nair,Male,26,City,Artist,,Married
690,Arnav Shukla,Female,27,Suburb,Artist,41967.0,Married
691,Kriti Gulati,Male,26,City,Freelancer,236483.0,Single
692,Amara Wadhwa,Male,51,City,Business Owner,435530.0,Married
693,Aarohi Dubey,Male,1,City,Business Owner,83045.0,Married
694,Amaira Kulkarni,Female,37,Suburb,Data Scientist,,Married
695,Arjun Mathur,Male,28,City,Data Scientist,,Married
696,Amara Gavaskar,Male,51,City,Consultant,5175.0,Married
697,Avani Lalwani,Male,47,City,Consultant,20.0,Married
698,Yuvraj D'Souza,Male,18,City,Freelancer,36031.0,Single
699,Isha Pande,Male,52,City,Business Owner,299596.0,Single
700,Yuvraj Sareen,Male,28,Suburb,Freelancer,95122.0,Single
701,Ananya Rastogi,Female,25,City,Freelancer,47740.0,Married
702,Neha Bansal,Female,39,City,Business Owner,333380.0,Married
703,Ishita Dewan,Female,41,Suburb,Business Owner,261406.0,Married
704,Aradhya Goswami,Female,110,City,Freelancer,43404.0,Single
705,Swara Bali,Female,22,City,Fullstack Developer,47403.0,Married
706,Ridhi Vernekar,Female,28,City,Artist,46682.0,Married
707,Arya Bansal,Female,47,City,Business Owner,171796.0,Single
708,Kriti Agarwal,Male,62,Suburb,Business Owner,440129.0,Married
709,Neha Soni,Male,29,City,Data Scientist,189830.0,Married
710,Rehan Patel,Female,110,City,Data Scientist,98417.0,Married
711,Kabir Mehrotra,Male,26,City,Accountant,66855.0,Married
712,Vihaan Gambhir,Female,40,Suburb,Business Owner,102016.0,Married
713,Avinash Mathur,Female,18,City,Freelancer,59627.0,Single
714,Kabir Rastogi,Male,64,Rural,Business Owner,280995.0,Married
715,Kabir Lal,Male,36,City,Business Owner,153729.0,Married
716,Mira Singhal,Male,47,City,Business Owner,408073.0,Married
717,Akshay Ver,Female,28,City,Freelancer,94058.0,Married
718,Kunal Mhatre,Female,24,Suburb,Fullstack Developer,8969.0,Married
719,Swara Kapadia,Female,47,Suburb,Consultant,70742.0,Married
720,Anjali Narang,Male,39,City,Data Scientist,181496.0,Married
721,Swara Kadam,Male,61,City,Business Owner,146516.0,Married
722,Zara Kadam,Female,23,City,Freelancer,47665.0,Married
723,Virat Jaiswal,Male,35,City,Data Scientist,113925.0,Married
724,Kiaan Gandhi,Male,60,Suburb,Business Owner,98216.0,Married
725,Reyansh Rastogi,Male,29,City,Freelancer,66225.0,Married
726,Aarohi Kapoor,Male,60,Rural,Business Owner,198252.0,Married
727,Avyanna Anand,Male,33,City,Business Owner,309420.0,Married
728,Dhruv Srinivasan,Male,29,City,Data Scientist,107383.0,Married
729,Yuvraj Gambhir,Male,135,City,Business Owner,382836.0,Married
730,Zara Verma,Male,48,City,Consultant,112627.0,Single
731,Yash Rathod,Male,35,City,Business Owner,135554.0,Married
732,Akshay Pande,Male,29,City,Data Scientist,176236.0,Single
733,Aryan Pandey,Male,20,City,Freelancer,50308.0,Single
734,Akshay Trivedi,Female,23,Rural,Freelancer,39844.0,Married
735,Kiaan Taneja,Female,23,City,Freelancer,36490.0,Married
736,Pranav Khanna,Male,19,City,Freelancer,14647.0,Married
737,Vihaan Singhania,Male,25,City,Fullstack Developer,37345.0,Married
738,Mira Dewan,Female,25,City,Fullstack Developer,55787.0,Married
739,Akshay Pawar,Male,24,Suburb,Artist,37472.0,Married
740,Ishita Dubey,Male,27,City,Freelancer,195752.0,Married
741,Sia Patel,Male,40,City,Consultant,6501.0,Married
742,Pooja Verma,Male,41,Suburb,Business Owner,75383.0,Single
743,Arya Sahani,Female,35,Suburb,Data Scientist,100811.0,Married
744,Suhani Dube,Female,21,City,Fullstack Developer,51510.0,Married
745,Mihika Sahani,Female,39,City,Data Scientist,,Married
746,Kavya Narang,Male,28,City,Accountant,77114.0,Married
747,Akshay Gandhi,Male,48,Suburb,Consultant,115883.0,Married
748,Aahana Bose,Male,30,Suburb,Fullstack Developer,144901.0,Married
749,Aaryan Shah,Male,32,Suburb,Accountant,62037.0,Married
750,Manya Acharya,Male,55,City,Business Owner,267157.0,Married
751,Samar Joshi,Male,28,Rural,Data Scientist,115784.0,Married
752,Swara Rastogi,Female,32,City,Fullstack Developer,152874.0,Single
753,Advait Mhatre,Male,29,City,Data Scientist,117218.0,Married
754,Avyanna Arora,Male,29,City,Fullstack Developer,110723.0,Single
755,Sara Vernekar,Male,50,City,Business Owner,149970.0,Married
756,Anaya Gulati,Female,29,City,Data Scientist,127401.0,Married
757,Aarohi Choudhary,Female,27,Suburb,Freelancer,123004.0,Married
758,Aahan Duggal,Female,29,Rural,Fullstack Developer,155732.0,Married
759,Rudra Nair,Male,52,Suburb,Business Owner,130531.0,Married
760,Aaditya Vaswani,Male,22,Suburb,Freelancer,21119.0,Single
761,Aditya Kapoor,Male,21,City,Freelancer,48869.0,Single
762,Aarya Singhania,Male,62,City,Business Owner,278922.0,Single
763,Akshay Goel,Male,29,City,Fullstack Developer,87479.0,Married
764,Vihaan Mittal,Female,31,Rural,Fullstack Developer,140750.0,Married
765,Kavya Banerjee,Female,44,Suburb,Consultant,108958.0,Married
766,Mira Bajaj,Female,41,City,Business Owner,229011.0,Married
767,Aarohi Kulkarni,Male,29,Suburb,Data Scientist,182533.0,Married
768,Ridhi Ver,Male,22,City,Fullstack Developer,11526.0,Married
769,Riya Rao,Male,24,Rural,Fullstack Developer,46272.0,Married
770,Gauri Joshi,Female,59,City,Business Owner,163085.0,Married
771,Amaira Mukherjee,Male,60,City,Business Owner,381515.0,Married
772,Virat Gavaskar,Male,18,Suburb,Freelancer,45041.0,Married
773,Aahana Khanna,Male,42,City,Business Owner,161187.0,Married
774,Ayush Sinha,Male,29,City,Freelancer,213065.0,Married
775,Reyansh Mangal,Male,30,City,Data Scientist,119162.0,Married
776,Avyanna Singh,Male,57,Suburb,Business Owner,231834.0,Married
777,Anaya Ver,Female,51,City,Business Owner,280824.0,Married
778,Anjali Puri,Male,22,Suburb,Freelancer,50630.0,Married
779,Aradhya Sethi,Female,61,City,Business Owner,380053.0,Married
780,Ishita Sethi,Male,34,Suburb,Business Owner,401868.0,Married
781,Advait Singhania,Male,52,City,Consultant,44421.0,Single
782,Mira Naidu,Male,26,City,Freelancer,124495.0,Married
783,Zara Dutta,Male,24,City,Freelancer,23573.0,Married
784,Kiaan Sethi,Male,25,City,Freelancer,34177.0,Married
785,Avani Dua,Male,27,City,Data Scientist,,Single
786,Aanya Wadhwa,Male,29,City,Fullstack Developer,80098.0,Married
787,Rehan Thakur,Male,18,City,Freelancer,45338.0,Married
788,Riya Gupta,Male,53,Suburb,Business Owner,267106.0,Married
789,Samar Soni,Male,20,City,Fullstack Developer,,Single
790,Aditi Srivastava,Male,52,City,Business Owner,351669.0,Married
791,Yuvraj Shukla,Male,24,Suburb,Freelancer,58382.0,Married
792,Mira Singhal,Female,38,City,Data Scientist,,Single
793,Ishan Naidu,Male,33,Suburb,Business Owner,323446.0,Married
794,Aaryan Batra,Female,29,City,Freelancer,132667.0,Single
795,Arjun Monga,Male,40,City,Business Owner,226278.0,Single
796,Aarohi Chatterjee,Female,24,City,Freelancer,59359.0,Single
797,Sia Duggal,Male,20,City,Fullstack Developer,51602.0,Married
798,Aaryan Mistry,Male,29,City,Artist,32710.0,Married
799,Vivaan Goyal,Male,44,Rural,Consultant,58585.0,Married
800,Rudra Chauhan,Male,28,City,Data Scientist,198131.0,Single
801,Swara Rathore,Male,23,Suburb,Freelancer,53314.0,Married
802,Anjali Mittal,Male,24,City,Fullstack Developer,30316.0,Married
803,Amara Sethi,Male,22,City,Fullstack Developer,45513.0,Married
804,Priya Sinha,Female,39,Suburb,Business Owner,78987.0,Married
805,Zara Pandey,Female,32,City,Business Owner,292375.0,Married
806,Aahana Rastogi,Male,21,City,Freelancer,35607.0,Married
807,Avani Dhawan,Male,39,City,Business Owner,234986.0,Married
808,Gauri Rao,Male,48,City,Consultant,33682.0,Married
809,Kunal Kapoor,Female,23,Suburb,Freelancer,57427.0,Married
810,Kabir Bali,Male,39,City,Business Owner,446935.0,Married
811,Yash Acharya,Male,24,Suburb,Freelancer,46599.0,Single
812,Mira Khanna,Male,29,Suburb,Freelancer,223260.0,Married
813,Neha Singh,Male,21,City,Freelancer,16465.0,Married
814,Aarav Nanda,Female,32,City,Data Scientist,171287.0,Married
815,Avinash Tandon,Male,27,Suburb,Freelancer,217903.0,Married
816,Akshay Sardar,Male,26,City,Artist,59941.0,Single
817,Kabir Mangal,Male,61,Suburb,Business Owner,377165.0,Married
818,Arjun Patil,Male,47,City,Consultant,,Single
819,Vihaan Lalwani,Female,29,City,Fullstack Developer,128100.0,Married
820,Pranav Monga,Male,52,City,Business Owner,243585.0,Married
821,Kunal Trivedi,Male,32,City,Data Scientist,171504.0,Married
822,Amara Pande,Female,28,City,Freelancer,90409.0,Married
823,Arjun D'Souza,Male,43,Suburb,Business Owner,427738.0,Single
824,Reyansh Narang,Male,25,City,Artist,47988.0,Single
825,Yash Sareen,Male,51,Suburb,Business Owner,444430.0,Married
826,Yuvraj Jaiswal,Male,32,City,Data Scientist,94050.0,Married
827,Ishan Mukherjee,Female,47,City,Consultant,71868.0,Married
828,Sia Mathur,Male,55,City,Business Owner,174638.0,Married
829,Simran Sardar,Male,47,City,Consultant,63148.0,Married
830,Pooja Jaiswal,Male,36,City,Data Scientist,121975.0,Married
831,Kabir Joshi,Male,29,City,Fullstack Developer,92369.0,Married
832,Suhani Mehta,Female,23,City,Fullstack Developer,18777.0,Single
833,Pranav Dwivedi,Female,110,City,Fullstack Developer,95379.0,Single
834,Advik Gavaskar,Male,29,City,Freelancer,215587.0,Married
835,Neha Nanda,Male,21,City,Freelancer,53682.0,Married
836,Aaryan Tiwari,Female,39,City,Consultant,99408.0,Married
837,Aditya Shah,Male,48,City,Business Owner,348593.0,Single
838,Aaryan Kaul,Male,18,Suburb,Freelancer,57137.0,Married
839,Arjun Mehrotra,Female,50,Suburb,Consultant,67571.0,Married
840,Rehan Anand,Male,38,City,Data Scientist,122346.0,Married
841,Ridhi Shetty,Male,22,City,Freelancer,17057.0,Married
842,Aarya Rathore,Male,34,Rural,Fullstack Developer,71790.0,Married
843,Arjun Sinha,Male,29,City,Freelancer,102849.0,Single
844,Samaira Rathore,Female,29,Suburb,Fullstack Developer,150063.0,Married
845,Anika Mehtani,Female,54,Suburb,Business Owner,129586.0,Married
846,Anika Kadam,Male,1,City,Consultant,20838.0,Married
847,Riya Jain,Male,22,City,Freelancer,9047.0,Married
848,Zara Gavaskar,Female,50,City,Business Owner,285192.0,Single
849,Swara Dubey,Male,29,City,Fullstack Developer,78291.0,Married
850,Rohan Singhania,Male,54,City,Business Owner,441295.0,Married
851,Vihaan Acharya,Male,25,City,Freelancer,27402.0,Single
852,Neha Jaiswal,Male,29,Suburb,Freelancer,227541.0,Married
853,Rehan Rathore,Male,25,City,Freelancer,27783.0,Single
854,Krishna Dhawan,Male,54,City,Business Owner,231540.0,Married
855,Ridhi Mukherjee,Female,46,Suburb,Consultant,58017.0,Married
856,Aarav D'Souza,Female,2,City,Fullstack Developer,30689.0,Married
857,Arnav Singhal,Female,27,City,Freelancer,231135.0,Single
858,Zara Lalwani,Female,47,City,Business Owner,337815.0,Single
859,Mira Bansal,Male,39,Suburb,Consultant,63069.0,Married
860,Aaditya Malik,Male,60,City,Business Owner,104218.0,Married
861,Yuvraj Mittal,Female,23,Suburb,Fullstack Developer,22927.0,Married
862,Samaira Banerjee,Male,27,Suburb,Freelancer,64662.0,Married
863,Aditya Thakur,Male,50,City,Business Owner,353543.0,Married
864,Ishan Jha,Male,20,City,Freelancer,47615.0,Married
865,Aaditya Mistry,Male,39,Suburb,Business Owner,251649.0,Married
866,Sneha Gambhir,Male,26,City,Fullstack Developer,115464.0,Single
867,Virat Dewan,Male,49,City,Business Owner,447655.0,Single
868,Reyansh Goyal,Female,33,City,Fullstack Developer,90039.0,Married
869,Aarav Duggal,Male,39,Rural,Business Owner,217684.0,Married
870,Ananya Sethi,Female,25,City,Artist,47559.0,Married
871,Aarya Dutta,Male,39,City,Business Owner,191882.0,Married
872,Virat Shah,Male,28,City,Fullstack Developer,135260.0,Single
873,Aahana Kaul,Male,22,City,Artist,57842.0,Married
874,Avani Tandon,Female,26,City,Artist,69080.0,Married
875,Ishan Wadhwa,Male,50,Suburb,Business Owner,270462.0,Married
876,Pranav Dhawan,Male,50,City,Business Owner,107166.0,Married
877,Mira Malik,Male,24,Suburb,Freelancer,43768.0,Single
878,Samar Kapoor,Male,55,Suburb,Business Owner,227268.0,Married
879,Riya Nanda,Male,49,Suburb,Business Owner,192207.0,Single
880,Ridhi Agarwal,Male,59,Suburb,Business Owner,362754.0,Married
881,Kunal Sen,Female,56,City,Business Owner,425147.0,Married
882,Samaira Sethi,Female,50,City,Business Owner,279633.0,Married
883,Rishabh Gandhi,Male,41,City,Consultant,117634.0,Married
884,Yuvraj Srivastava,Female,24,Suburb,Freelancer,28932.0,Married
885,Manya Sinha,Male,33,Suburb,Data Scientist,113641.0,Married
886,Anjali Dubey,Male,22,City,Freelancer,22930.0,Married
887,Manya Duggal,Female,30,Suburb,Fullstack Developer,152924.0,Married
888,Rohan Mehta,Female,47,City,Consultant,12381.0,Married
889,Aditya Gandhi,Male,36,City,Business Owner,103267.0,Married
890,Vivaan Dhawan,Male,64,City,Business Owner,413211.0,Married
891,Pranav Rastogi,Male,42,Suburb,Business Owner,202157.0,Married
892,Aryan Pande,Male,42,Rural,Business Owner,435372.0,Married
893,Riya Bali,Male,50,Suburb,Business Owner,273718.0,Married
894,Sara Dubey,Male,31,City,Data Scientist,128377.0,Single
895,Akshay Singh,Male,44,City,Business Owner,251232.0,Married
896,Ritvik Soni,Male,1,City,Freelancer,31533.0,Married
897,Advait Kulkarni,Male,60,City,Business Owner,445385.0,Married
898,Rishabh Rathore,Male,57,Suburb,Business Owner,423586.0,Married
899,Rishabh Verma,Male,41,City,Business Owner,118769.0,Single
900,Sneha Sahani,Female,51,City,Consultant,96429.0,Married
901,Aaditya Dube,Female,39,City,Data Scientist,161300.0,Single
902,Manya Kadam,Female,33,Rural,Business Owner,324714.0,Single
903,Mira Trivedi,Male,22,City,Freelancer,14982.0,Married
904,Aaditya Acharya,Male,57,Rural,Business Owner,214948.0,Single
905,Gauri Kaul,Male,39,City,Data Scientist,124803.0,Married
906,Ayush Goel,Male,38,City,Consultant,51175.0,Married
907,Aarohi Monga,Male,29,Rural,Freelancer,93768.0,Married
908,Mihika Mehta,Female,31,City,Data Scientist,157371.0,Married
909,Krishna Malik,Male,48,Suburb,Consultant,33172.0,Married
910,Myra Nair,Female,46,Suburb,Consultant,109271.0,Married
911,Samaira Reddy,Male,37,City,Data Scientist,97002.0,Single
912,Ridhi Singhania,Female,22,Rural,Freelancer,7903.0,Married
913,Aarav Rastogi,Male,26,City,Freelancer,182589.0,Single
914,Dhruv Mehtani,Female,21,Suburb,Fullstack Developer,31409.0,Single
915,Zara Pawar,Male,24,Suburb,Freelancer,23909.0,Married
916,Kiaan Duggal,Female,21,City,Freelancer,32514.0,Single
917,Aarohi Sahani,Male,21,City,Fullstack Developer,51895.0,Married
918,Ayush Ganguly,Female,22,City,Freelancer,17540.0,Married
919,Ridhi Kapadia,Male,42,City,Business Owner,156407.0,Single
920,Virat Vernekar,Male,39,Suburb,Consultant,7985.0,Married
921,Samar Nanda,Female,25,Rural,Fullstack Developer,34870.0,Married
922,Isha Batra,Female,53,City,Business Owner,304869.0,Single
923,Myra Rathore,Male,26,City,Data Scientist,132303.0,Married
924,Kriti Joshi,Male,110,City,Freelancer,51629.0,Married
925,Swara Rathore,Female,28,City,Freelancer,206341.0,Married
926,Aaditya Narang,Female,20,City,Fullstack Developer,28209.0,Single
927,Anaya Bali,Male,23,Suburb,Freelancer,51247.0,Married
928,Samaira Gulati,Male,25,City,Artist,48942.0,Married
929,Veer Sahani,Male,53,City,Business Owner,397779.0,Single
930,Pranav Gulati,Female,29,Suburb,Freelancer,139321.0,Married
931,Kriti Goswami,Female,47,Suburb,Consultant,70471.0,Married
932,Pranav Mukherjee,Male,64,City,Business Owner,285121.0,Married
933,Ayush Gandhi,Male,35,City,Data Scientist,,Married
934,Kunal Singhania,Female,25,Suburb,Accountant,27895.0,Married
935,Ananya Choudhary,Male,23,City,Artist,42753.0,Married
936,Manya Dhawan,Male,25,City,Artist,17752.0,Married
937,Aarav Mathur,Male,34,City,Fullstack Developer,136244.0,Married
938,Isha Naidu,Male,20,City,Fullstack Developer,55612.0,Married
939,Samaira Mehtani,Female,25,City,Artist,52069.0,Married
940,Aarohi Bansal,Female,41,City,Business Owner,98566.0,Married
941,Yash Narang,Male,28,City,Data Scientist,117457.0,Married
942,Ayush Sinha,Male,22,Rural,Fullstack Developer,51315.0,Married
943,Pranav Goswami,Male,30,Suburb,Data Scientist,95595.0,Married
944,Aaditya Gupta,Male,21,City,Freelancer,20408.0,Married
945,Advik Mukherjee,Female,36,City,Data Scientist,111810.0,Married
946,Suhani Kadam,Female,31,Suburb,Data Scientist,103467.0,Married
947,Manya Lalwani,Female,39,City,Business Owner,254881.0,Married
948,Aahan Goswami,Female,18,City,Freelancer,39135.0,Single
949,Kabir Rao,Female,32,City,Data Scientist,139076.0,Single
950,Sanjana Mathur,Female,31,Suburb,Fullstack Developer,81489.0,Married
951,Rehan Pandey,Female,31,City,Accountant,62220.0,Married
952,Ishan Khanna,Male,135,City,Data Scientist,49677.0,Married
953,Rohan Das,Female,64,City,Business Owner,200192.0,Married
954,Kiaan Mehrotra,Male,33,City,Business Owner,225962.0,Married
955,Mihika Monga,Male,31,City,Data Scientist,162382.0,Married
956,Ridhi Naidu,Male,39,Suburb,Business Owner,,Married
957,Aaryan Puri,Female,24,City,Artist,,Married
958,Ananya Trivedi,Male,38,City,Data Scientist,187650.0,Married
959,Ayush Mathur,Male,24,City,Freelancer,58752.0,Married
960,Kriti Nanda,Male,23,City,Artist,9667.0,Single
961,Aaryan Sethi,Male,21,City,Freelancer,42046.0,Married
962,Gauri Srinivasan,Male,58,City,Business Owner,305929.0,Married
963,Aisha Bose,Male,27,City,Data Scientist,170596.0,Married
964,Sanjana Lalwani,Female,22,City,Freelancer,34227.0,Married
965,Kavya Soni,Male,50,City,Business Owner,413556.0,Married
966,Suhani Bajaj,Male,35,Suburb,Business Owner,336275.0,Married
967,Anaya Singhania,Male,31,City,Data Scientist,164318.0,Married
968,Aarya Dhawan,Male,55,Suburb,Business Owner,203224.0,Married
969,Ishan Mehta,Male,56,Suburb,Business Owner,287627.0,Married
970,Vivaan Shah,Male,55,Suburb,Business Owner,263055.0,Married
971,Mihika Yadav,Male,21,City,Freelancer,8949.0,Married
972,Aanya Pawar,Male,24,Suburb,Fullstack Developer,17315.0,Married
973,Aradhya Pande,Male,20,City,Fullstack Developer,38679.0,Married
974,Sara Gupta,Male,21,City,Freelancer,56611.0,Married
975,Aarav Khanna,Male,34,City,Data Scientist,126822.0,Married
976,Ridhi Vernekar,Male,34,City,Business Owner,92899.0,Single
977,Veer Pawar,Male,28,City,Fullstack Developer,140691.0,Married
978,Ishita Narang,Female,33,City,Fullstack Developer,75011.0,Married
979,Aryan Dwivedi,Male,40,City,Consultant,115646.0,Single
980,Mihika Rao,Male,27,City,Freelancer,163064.0,Married
981,Vihaan Dhawan,Male,24,Rural,Fullstack Developer,49141.0,Married
982,Arjun Nanda,Male,46,Rural,Business Owner,122954.0,Single
983,Avani Puri,Male,25,Suburb,Data Scientist,12056.0,Married
984,Zara Malhotra,Female,20,City,Fullstack Developer,15033.0,Married
985,Sneha Agarwal,Male,40,Suburb,Business Owner,432100.0,Married
986,Suhani Choudhary,Male,39,City,Data Scientist,115376.0,Married
987,Aahana Choudhary,Female,20,City,Fullstack Developer,51566.0,Married
988,Ritvik Kulkarni,Male,59,City,Business Owner,303101.0,Married
989,Ananya Mehrotra,Female,40,Suburb,Consultant,39117.0,Married
990,Avani Pande,Male,55,City,Business Owner,239619.0,Married
991,Amaira Monga,Male,44,City,Business Owner,152116.0,Married
992,Krishna Banerjee,Male,135,City,Fullstack Developer,93267.0,Single
993,Pooja Agarwal,Male,37,City,Data Scientist,129041.0,Married
994,Mihika Goel,Male,28,City,Freelancer,81565.0,Single
995,Mihika Sareen,Female,27,City,Data Scientist,169888.0,Married
996,Advait Rana,Female,26,City,Freelancer,,Married
997,Sia Chatterjee,Male,55,City,Business Owner,290061.0,Single
998,Amara Tiwari,Male,29,City,Fullstack Developer,139141.0,Married
999,Aanya Malhotra,Female,47,City,Business Owner,,Married
1000,Dhruv Goel,Male,28,City,Freelancer,226873.0,Married
